[
  {
    "name": "Process Start",
    "start": 1619099325732,
    "end": 1619099328983,
    "duration": 3251,
    "pid": 9540,
    "index": 0
  },
  {
    "name": "Application Start",
    "start": 1619099328984,
    "end": 1619099330331,
    "duration": 1347,
    "pid": 9540,
    "index": 1
  },
  {
    "name": "Load Plugin",
    "start": 1619099328995,
    "end": 1619099329051,
    "duration": 56,
    "pid": 9540,
    "index": 2
  },
  {
    "name": "Load Config",
    "start": 1619099329051,
    "end": 1619099329114,
    "duration": 63,
    "pid": 9540,
    "index": 3
  },
  {
    "name": "Require(0) config/config.default.js",
    "start": 1619099329052,
    "end": 1619099329053,
    "duration": 1,
    "pid": 9540,
    "index": 4
  },
  {
    "name": "Require(1) node_modules/egg-session/config/config.default.js",
    "start": 1619099329056,
    "end": 1619099329057,
    "duration": 1,
    "pid": 9540,
    "index": 5
  },
  {
    "name": "Require(2) node_modules/egg-security/config/config.default.js",
    "start": 1619099329058,
    "end": 1619099329060,
    "duration": 2,
    "pid": 9540,
    "index": 6
  },
  {
    "name": "Require(3) node_modules/egg-jsonp/config/config.default.js",
    "start": 1619099329061,
    "end": 1619099329063,
    "duration": 2,
    "pid": 9540,
    "index": 7
  },
  {
    "name": "Require(4) node_modules/egg-onerror/config/config.default.js",
    "start": 1619099329064,
    "end": 1619099329065,
    "duration": 1,
    "pid": 9540,
    "index": 8
  },
  {
    "name": "Require(5) node_modules/egg-i18n/config/config.default.js",
    "start": 1619099329066,
    "end": 1619099329068,
    "duration": 2,
    "pid": 9540,
    "index": 9
  },
  {
    "name": "Require(6) node_modules/egg-watcher/config/config.default.js",
    "start": 1619099329069,
    "end": 1619099329070,
    "duration": 1,
    "pid": 9540,
    "index": 10
  },
  {
    "name": "Require(7) node_modules/egg-schedule/config/config.default.js",
    "start": 1619099329071,
    "end": 1619099329072,
    "duration": 1,
    "pid": 9540,
    "index": 11
  },
  {
    "name": "Require(8) node_modules/egg-multipart/config/config.default.js",
    "start": 1619099329074,
    "end": 1619099329075,
    "duration": 1,
    "pid": 9540,
    "index": 12
  },
  {
    "name": "Require(9) node_modules/egg-development/config/config.default.js",
    "start": 1619099329076,
    "end": 1619099329078,
    "duration": 2,
    "pid": 9540,
    "index": 13
  },
  {
    "name": "Require(10) node_modules/egg-logrotator/config/config.default.js",
    "start": 1619099329079,
    "end": 1619099329080,
    "duration": 1,
    "pid": 9540,
    "index": 14
  },
  {
    "name": "Require(11) node_modules/egg-static/config/config.default.js",
    "start": 1619099329081,
    "end": 1619099329082,
    "duration": 1,
    "pid": 9540,
    "index": 15
  },
  {
    "name": "Require(12) node_modules/egg-view/config/config.default.js",
    "start": 1619099329084,
    "end": 1619099329085,
    "duration": 1,
    "pid": 9540,
    "index": 16
  },
  {
    "name": "Require(13) node_modules/egg-mysql/config/config.default.js",
    "start": 1619099329086,
    "end": 1619099329088,
    "duration": 2,
    "pid": 9540,
    "index": 17
  },
  {
    "name": "Require(14) node_modules/egg-cors/config/config.default.js",
    "start": 1619099329089,
    "end": 1619099329090,
    "duration": 1,
    "pid": 9540,
    "index": 18
  },
  {
    "name": "Require(15) node_modules/egg/config/config.default.js",
    "start": 1619099329091,
    "end": 1619099329092,
    "duration": 1,
    "pid": 9540,
    "index": 19
  },
  {
    "name": "Require(16) config/config.default.js",
    "start": 1619099329094,
    "end": 1619099329094,
    "duration": 0,
    "pid": 9540,
    "index": 20
  },
  {
    "name": "Require(17) node_modules/egg-security/config/config.local.js",
    "start": 1619099329096,
    "end": 1619099329096,
    "duration": 0,
    "pid": 9540,
    "index": 21
  },
  {
    "name": "Require(18) node_modules/egg-watcher/config/config.local.js",
    "start": 1619099329099,
    "end": 1619099329100,
    "duration": 1,
    "pid": 9540,
    "index": 22
  },
  {
    "name": "Require(19) node_modules/egg-view/config/config.local.js",
    "start": 1619099329105,
    "end": 1619099329106,
    "duration": 1,
    "pid": 9540,
    "index": 23
  },
  {
    "name": "Require(20) node_modules/egg/config/config.local.js",
    "start": 1619099329109,
    "end": 1619099329113,
    "duration": 4,
    "pid": 9540,
    "index": 24
  },
  {
    "name": "Load extend/application.js",
    "start": 1619099329115,
    "end": 1619099329157,
    "duration": 42,
    "pid": 9540,
    "index": 25
  },
  {
    "name": "Require(21) node_modules/egg-session/app/extend/application.js",
    "start": 1619099329117,
    "end": 1619099329118,
    "duration": 1,
    "pid": 9540,
    "index": 26
  },
  {
    "name": "Require(22) node_modules/egg-security/app/extend/application.js",
    "start": 1619099329119,
    "end": 1619099329123,
    "duration": 4,
    "pid": 9540,
    "index": 27
  },
  {
    "name": "Require(23) node_modules/egg-jsonp/app/extend/application.js",
    "start": 1619099329124,
    "end": 1619099329128,
    "duration": 4,
    "pid": 9540,
    "index": 28
  },
  {
    "name": "Require(24) node_modules/egg-logrotator/app/extend/application.js",
    "start": 1619099329132,
    "end": 1619099329137,
    "duration": 5,
    "pid": 9540,
    "index": 29
  },
  {
    "name": "Require(25) node_modules/egg-view/app/extend/application.js",
    "start": 1619099329139,
    "end": 1619099329144,
    "duration": 5,
    "pid": 9540,
    "index": 30
  },
  {
    "name": "Load extend/request.js",
    "start": 1619099329157,
    "end": 1619099329206,
    "duration": 49,
    "pid": 9540,
    "index": 31
  },
  {
    "name": "Require(26) node_modules/egg/app/extend/request.js",
    "start": 1619099329169,
    "end": 1619099329175,
    "duration": 6,
    "pid": 9540,
    "index": 32
  },
  {
    "name": "Load extend/response.js",
    "start": 1619099329206,
    "end": 1619099329259,
    "duration": 53,
    "pid": 9540,
    "index": 33
  },
  {
    "name": "Require(27) node_modules/egg/app/extend/response.js",
    "start": 1619099329223,
    "end": 1619099329228,
    "duration": 5,
    "pid": 9540,
    "index": 34
  },
  {
    "name": "Load extend/context.js",
    "start": 1619099329259,
    "end": 1619099329444,
    "duration": 185,
    "pid": 9540,
    "index": 35
  },
  {
    "name": "Require(28) node_modules/egg-security/app/extend/context.js",
    "start": 1619099329260,
    "end": 1619099329304,
    "duration": 44,
    "pid": 9540,
    "index": 36
  },
  {
    "name": "Require(29) node_modules/egg-jsonp/app/extend/context.js",
    "start": 1619099329305,
    "end": 1619099329310,
    "duration": 5,
    "pid": 9540,
    "index": 37
  },
  {
    "name": "Require(30) node_modules/egg-i18n/app/extend/context.js",
    "start": 1619099329312,
    "end": 1619099329314,
    "duration": 2,
    "pid": 9540,
    "index": 38
  },
  {
    "name": "Require(31) node_modules/egg-multipart/app/extend/context.js",
    "start": 1619099329318,
    "end": 1619099329424,
    "duration": 106,
    "pid": 9540,
    "index": 39
  },
  {
    "name": "Require(32) node_modules/egg-view/app/extend/context.js",
    "start": 1619099329426,
    "end": 1619099329428,
    "duration": 2,
    "pid": 9540,
    "index": 40
  },
  {
    "name": "Require(33) node_modules/egg/app/extend/context.js",
    "start": 1619099329430,
    "end": 1619099329433,
    "duration": 3,
    "pid": 9540,
    "index": 41
  },
  {
    "name": "Load extend/helper.js",
    "start": 1619099329444,
    "end": 1619099329520,
    "duration": 76,
    "pid": 9540,
    "index": 42
  },
  {
    "name": "Require(34) node_modules/egg-security/app/extend/helper.js",
    "start": 1619099329446,
    "end": 1619099329494,
    "duration": 48,
    "pid": 9540,
    "index": 43
  },
  {
    "name": "Require(35) node_modules/egg/app/extend/helper.js",
    "start": 1619099329506,
    "end": 1619099329506,
    "duration": 0,
    "pid": 9540,
    "index": 44
  },
  {
    "name": "Load app.js",
    "start": 1619099329520,
    "end": 1619099329703,
    "duration": 183,
    "pid": 9540,
    "index": 45
  },
  {
    "name": "Require(36) node_modules/egg-session/app.js",
    "start": 1619099329521,
    "end": 1619099329522,
    "duration": 1,
    "pid": 9540,
    "index": 46
  },
  {
    "name": "Require(37) node_modules/egg-security/app.js",
    "start": 1619099329523,
    "end": 1619099329527,
    "duration": 4,
    "pid": 9540,
    "index": 47
  },
  {
    "name": "Require(38) node_modules/egg-onerror/app.js",
    "start": 1619099329529,
    "end": 1619099329552,
    "duration": 23,
    "pid": 9540,
    "index": 48
  },
  {
    "name": "Require(39) node_modules/egg-i18n/app.js",
    "start": 1619099329553,
    "end": 1619099329594,
    "duration": 41,
    "pid": 9540,
    "index": 49
  },
  {
    "name": "Require(40) node_modules/egg-watcher/app.js",
    "start": 1619099329595,
    "end": 1619099329605,
    "duration": 10,
    "pid": 9540,
    "index": 50
  },
  {
    "name": "Require(41) node_modules/egg-schedule/app.js",
    "start": 1619099329606,
    "end": 1619099329610,
    "duration": 4,
    "pid": 9540,
    "index": 51
  },
  {
    "name": "Require(42) node_modules/egg-multipart/app.js",
    "start": 1619099329611,
    "end": 1619099329612,
    "duration": 1,
    "pid": 9540,
    "index": 52
  },
  {
    "name": "Require(43) node_modules/egg-development/app.js",
    "start": 1619099329613,
    "end": 1619099329614,
    "duration": 1,
    "pid": 9540,
    "index": 53
  },
  {
    "name": "Require(44) node_modules/egg-logrotator/app.js",
    "start": 1619099329616,
    "end": 1619099329617,
    "duration": 1,
    "pid": 9540,
    "index": 54
  },
  {
    "name": "Require(45) node_modules/egg-static/app.js",
    "start": 1619099329618,
    "end": 1619099329619,
    "duration": 1,
    "pid": 9540,
    "index": 55
  },
  {
    "name": "Require(46) node_modules/egg-mysql/app.js",
    "start": 1619099329622,
    "end": 1619099329691,
    "duration": 69,
    "pid": 9540,
    "index": 56
  },
  {
    "name": "Require(47) node_modules/egg-cors/app.js",
    "start": 1619099329692,
    "end": 1619099329693,
    "duration": 1,
    "pid": 9540,
    "index": 57
  },
  {
    "name": "Before Start in node_modules/egg-watcher/lib/init.js:15:14",
    "start": 1619099329741,
    "end": 1619099330324,
    "duration": 583,
    "pid": 9540,
    "index": 58
  },
  {
    "name": "Before Start in node_modules/egg-mysql/lib/mysql.js:20:7",
    "start": 1619099330011,
    "end": 1619099330331,
    "duration": 320,
    "pid": 9540,
    "index": 59
  },
  {
    "name": "Load Service",
    "start": 1619099330011,
    "end": 1619099330023,
    "duration": 12,
    "pid": 9540,
    "index": 60
  },
  {
    "name": "Load \"service\" to Context",
    "start": 1619099330012,
    "end": 1619099330023,
    "duration": 11,
    "pid": 9540,
    "index": 61
  },
  {
    "name": "Load Middleware",
    "start": 1619099330024,
    "end": 1619099330284,
    "duration": 260,
    "pid": 9540,
    "index": 62
  },
  {
    "name": "Load \"middlewares\" to Application",
    "start": 1619099330024,
    "end": 1619099330260,
    "duration": 236,
    "pid": 9540,
    "index": 63
  },
  {
    "name": "Load Controller",
    "start": 1619099330284,
    "end": 1619099330291,
    "duration": 7,
    "pid": 9540,
    "index": 64
  },
  {
    "name": "Load \"controller\" to Application",
    "start": 1619099330284,
    "end": 1619099330291,
    "duration": 7,
    "pid": 9540,
    "index": 65
  },
  {
    "name": "Load Router",
    "start": 1619099330291,
    "end": 1619099330296,
    "duration": 5,
    "pid": 9540,
    "index": 66
  },
  {
    "name": "Require(48) app/router.js",
    "start": 1619099330292,
    "end": 1619099330292,
    "duration": 0,
    "pid": 9540,
    "index": 67
  },
  {
    "name": "Before Start in node_modules/egg-core/lib/egg.js:303:10",
    "start": 1619099330294,
    "end": 1619099330313,
    "duration": 19,
    "pid": 9540,
    "index": 68
  }
]