[
  {
    "name": "Process Start",
    "start": 1619099320192,
    "end": 1619099323353,
    "duration": 3161,
    "pid": 9860,
    "index": 0
  },
  {
    "name": "Application Start",
    "start": 1619099323354,
    "end": 1619099325326,
    "duration": 1972,
    "pid": 9860,
    "index": 1
  },
  {
    "name": "Load Plugin",
    "start": 1619099323371,
    "end": 1619099323469,
    "duration": 98,
    "pid": 9860,
    "index": 2
  },
  {
    "name": "Load Config",
    "start": 1619099323469,
    "end": 1619099323575,
    "duration": 106,
    "pid": 9860,
    "index": 3
  },
  {
    "name": "Require(0) config/config.default.js",
    "start": 1619099323471,
    "end": 1619099323472,
    "duration": 1,
    "pid": 9860,
    "index": 4
  },
  {
    "name": "Require(1) node_modules/egg-session/config/config.default.js",
    "start": 1619099323477,
    "end": 1619099323479,
    "duration": 2,
    "pid": 9860,
    "index": 5
  },
  {
    "name": "Require(2) node_modules/egg-security/config/config.default.js",
    "start": 1619099323481,
    "end": 1619099323484,
    "duration": 3,
    "pid": 9860,
    "index": 6
  },
  {
    "name": "Require(3) node_modules/egg-jsonp/config/config.default.js",
    "start": 1619099323487,
    "end": 1619099323489,
    "duration": 2,
    "pid": 9860,
    "index": 7
  },
  {
    "name": "Require(4) node_modules/egg-onerror/config/config.default.js",
    "start": 1619099323492,
    "end": 1619099323494,
    "duration": 2,
    "pid": 9860,
    "index": 8
  },
  {
    "name": "Require(5) node_modules/egg-i18n/config/config.default.js",
    "start": 1619099323495,
    "end": 1619099323499,
    "duration": 4,
    "pid": 9860,
    "index": 9
  },
  {
    "name": "Require(6) node_modules/egg-watcher/config/config.default.js",
    "start": 1619099323502,
    "end": 1619099323504,
    "duration": 2,
    "pid": 9860,
    "index": 10
  },
  {
    "name": "Require(7) node_modules/egg-schedule/config/config.default.js",
    "start": 1619099323506,
    "end": 1619099323508,
    "duration": 2,
    "pid": 9860,
    "index": 11
  },
  {
    "name": "Require(8) node_modules/egg-multipart/config/config.default.js",
    "start": 1619099323510,
    "end": 1619099323513,
    "duration": 3,
    "pid": 9860,
    "index": 12
  },
  {
    "name": "Require(9) node_modules/egg-development/config/config.default.js",
    "start": 1619099323516,
    "end": 1619099323518,
    "duration": 2,
    "pid": 9860,
    "index": 13
  },
  {
    "name": "Require(10) node_modules/egg-logrotator/config/config.default.js",
    "start": 1619099323520,
    "end": 1619099323523,
    "duration": 3,
    "pid": 9860,
    "index": 14
  },
  {
    "name": "Require(11) node_modules/egg-static/config/config.default.js",
    "start": 1619099323525,
    "end": 1619099323527,
    "duration": 2,
    "pid": 9860,
    "index": 15
  },
  {
    "name": "Require(12) node_modules/egg-view/config/config.default.js",
    "start": 1619099323530,
    "end": 1619099323532,
    "duration": 2,
    "pid": 9860,
    "index": 16
  },
  {
    "name": "Require(13) node_modules/egg-mysql/config/config.default.js",
    "start": 1619099323536,
    "end": 1619099323538,
    "duration": 2,
    "pid": 9860,
    "index": 17
  },
  {
    "name": "Require(14) node_modules/egg-cors/config/config.default.js",
    "start": 1619099323539,
    "end": 1619099323542,
    "duration": 3,
    "pid": 9860,
    "index": 18
  },
  {
    "name": "Require(15) node_modules/egg/config/config.default.js",
    "start": 1619099323543,
    "end": 1619099323544,
    "duration": 1,
    "pid": 9860,
    "index": 19
  },
  {
    "name": "Require(16) config/config.default.js",
    "start": 1619099323549,
    "end": 1619099323549,
    "duration": 0,
    "pid": 9860,
    "index": 20
  },
  {
    "name": "Require(17) node_modules/egg-security/config/config.local.js",
    "start": 1619099323552,
    "end": 1619099323553,
    "duration": 1,
    "pid": 9860,
    "index": 21
  },
  {
    "name": "Require(18) node_modules/egg-watcher/config/config.local.js",
    "start": 1619099323557,
    "end": 1619099323558,
    "duration": 1,
    "pid": 9860,
    "index": 22
  },
  {
    "name": "Require(19) node_modules/egg-view/config/config.local.js",
    "start": 1619099323567,
    "end": 1619099323568,
    "duration": 1,
    "pid": 9860,
    "index": 23
  },
  {
    "name": "Require(20) node_modules/egg/config/config.local.js",
    "start": 1619099323574,
    "end": 1619099323575,
    "duration": 1,
    "pid": 9860,
    "index": 24
  },
  {
    "name": "Load extend/application.js",
    "start": 1619099323578,
    "end": 1619099323648,
    "duration": 70,
    "pid": 9860,
    "index": 25
  },
  {
    "name": "Require(21) node_modules/egg-session/app/extend/application.js",
    "start": 1619099323580,
    "end": 1619099323582,
    "duration": 2,
    "pid": 9860,
    "index": 26
  },
  {
    "name": "Require(22) node_modules/egg-security/app/extend/application.js",
    "start": 1619099323585,
    "end": 1619099323592,
    "duration": 7,
    "pid": 9860,
    "index": 27
  },
  {
    "name": "Require(23) node_modules/egg-jsonp/app/extend/application.js",
    "start": 1619099323594,
    "end": 1619099323600,
    "duration": 6,
    "pid": 9860,
    "index": 28
  },
  {
    "name": "Require(24) node_modules/egg-logrotator/app/extend/application.js",
    "start": 1619099323608,
    "end": 1619099323614,
    "duration": 6,
    "pid": 9860,
    "index": 29
  },
  {
    "name": "Require(25) node_modules/egg-view/app/extend/application.js",
    "start": 1619099323618,
    "end": 1619099323625,
    "duration": 7,
    "pid": 9860,
    "index": 30
  },
  {
    "name": "Load extend/request.js",
    "start": 1619099323648,
    "end": 1619099323689,
    "duration": 41,
    "pid": 9860,
    "index": 31
  },
  {
    "name": "Require(26) node_modules/egg/app/extend/request.js",
    "start": 1619099323665,
    "end": 1619099323668,
    "duration": 3,
    "pid": 9860,
    "index": 32
  },
  {
    "name": "Load extend/response.js",
    "start": 1619099323689,
    "end": 1619099323741,
    "duration": 52,
    "pid": 9860,
    "index": 33
  },
  {
    "name": "Require(27) node_modules/egg/app/extend/response.js",
    "start": 1619099323709,
    "end": 1619099323718,
    "duration": 9,
    "pid": 9860,
    "index": 34
  },
  {
    "name": "Load extend/context.js",
    "start": 1619099323741,
    "end": 1619099323980,
    "duration": 239,
    "pid": 9860,
    "index": 35
  },
  {
    "name": "Require(28) node_modules/egg-security/app/extend/context.js",
    "start": 1619099323744,
    "end": 1619099323791,
    "duration": 47,
    "pid": 9860,
    "index": 36
  },
  {
    "name": "Require(29) node_modules/egg-jsonp/app/extend/context.js",
    "start": 1619099323793,
    "end": 1619099323798,
    "duration": 5,
    "pid": 9860,
    "index": 37
  },
  {
    "name": "Require(30) node_modules/egg-i18n/app/extend/context.js",
    "start": 1619099323801,
    "end": 1619099323803,
    "duration": 2,
    "pid": 9860,
    "index": 38
  },
  {
    "name": "Require(31) node_modules/egg-multipart/app/extend/context.js",
    "start": 1619099323807,
    "end": 1619099323948,
    "duration": 141,
    "pid": 9860,
    "index": 39
  },
  {
    "name": "Require(32) node_modules/egg-view/app/extend/context.js",
    "start": 1619099323952,
    "end": 1619099323955,
    "duration": 3,
    "pid": 9860,
    "index": 40
  },
  {
    "name": "Require(33) node_modules/egg/app/extend/context.js",
    "start": 1619099323959,
    "end": 1619099323961,
    "duration": 2,
    "pid": 9860,
    "index": 41
  },
  {
    "name": "Load extend/helper.js",
    "start": 1619099323980,
    "end": 1619099324087,
    "duration": 107,
    "pid": 9860,
    "index": 42
  },
  {
    "name": "Require(34) node_modules/egg-security/app/extend/helper.js",
    "start": 1619099323982,
    "end": 1619099324055,
    "duration": 73,
    "pid": 9860,
    "index": 43
  },
  {
    "name": "Require(35) node_modules/egg/app/extend/helper.js",
    "start": 1619099324071,
    "end": 1619099324072,
    "duration": 1,
    "pid": 9860,
    "index": 44
  },
  {
    "name": "Load app.js",
    "start": 1619099324088,
    "end": 1619099324302,
    "duration": 214,
    "pid": 9860,
    "index": 45
  },
  {
    "name": "Require(36) node_modules/egg-session/app.js",
    "start": 1619099324089,
    "end": 1619099324090,
    "duration": 1,
    "pid": 9860,
    "index": 46
  },
  {
    "name": "Require(37) node_modules/egg-security/app.js",
    "start": 1619099324091,
    "end": 1619099324096,
    "duration": 5,
    "pid": 9860,
    "index": 47
  },
  {
    "name": "Require(38) node_modules/egg-onerror/app.js",
    "start": 1619099324098,
    "end": 1619099324131,
    "duration": 33,
    "pid": 9860,
    "index": 48
  },
  {
    "name": "Require(39) node_modules/egg-i18n/app.js",
    "start": 1619099324133,
    "end": 1619099324190,
    "duration": 57,
    "pid": 9860,
    "index": 49
  },
  {
    "name": "Require(40) node_modules/egg-watcher/app.js",
    "start": 1619099324191,
    "end": 1619099324203,
    "duration": 12,
    "pid": 9860,
    "index": 50
  },
  {
    "name": "Require(41) node_modules/egg-schedule/app.js",
    "start": 1619099324204,
    "end": 1619099324211,
    "duration": 7,
    "pid": 9860,
    "index": 51
  },
  {
    "name": "Require(42) node_modules/egg-multipart/app.js",
    "start": 1619099324212,
    "end": 1619099324214,
    "duration": 2,
    "pid": 9860,
    "index": 52
  },
  {
    "name": "Require(43) node_modules/egg-development/app.js",
    "start": 1619099324216,
    "end": 1619099324217,
    "duration": 1,
    "pid": 9860,
    "index": 53
  },
  {
    "name": "Require(44) node_modules/egg-logrotator/app.js",
    "start": 1619099324218,
    "end": 1619099324219,
    "duration": 1,
    "pid": 9860,
    "index": 54
  },
  {
    "name": "Require(45) node_modules/egg-static/app.js",
    "start": 1619099324220,
    "end": 1619099324221,
    "duration": 1,
    "pid": 9860,
    "index": 55
  },
  {
    "name": "Require(46) node_modules/egg-mysql/app.js",
    "start": 1619099324224,
    "end": 1619099324294,
    "duration": 70,
    "pid": 9860,
    "index": 56
  },
  {
    "name": "Require(47) node_modules/egg-cors/app.js",
    "start": 1619099324296,
    "end": 1619099324297,
    "duration": 1,
    "pid": 9860,
    "index": 57
  },
  {
    "name": "Before Start in node_modules/egg-watcher/lib/init.js:15:14",
    "start": 1619099324339,
    "end": 1619099325311,
    "duration": 972,
    "pid": 9860,
    "index": 58
  },
  {
    "name": "Before Start in node_modules/egg-mysql/lib/mysql.js:20:7",
    "start": 1619099324668,
    "end": 1619099325324,
    "duration": 656,
    "pid": 9860,
    "index": 59
  },
  {
    "name": "Load Service",
    "start": 1619099324669,
    "end": 1619099324698,
    "duration": 29,
    "pid": 9860,
    "index": 60
  },
  {
    "name": "Load \"service\" to Context",
    "start": 1619099324669,
    "end": 1619099324698,
    "duration": 29,
    "pid": 9860,
    "index": 61
  },
  {
    "name": "Load Middleware",
    "start": 1619099324698,
    "end": 1619099325203,
    "duration": 505,
    "pid": 9860,
    "index": 62
  },
  {
    "name": "Load \"middlewares\" to Application",
    "start": 1619099324699,
    "end": 1619099325153,
    "duration": 454,
    "pid": 9860,
    "index": 63
  },
  {
    "name": "Load Controller",
    "start": 1619099325203,
    "end": 1619099325218,
    "duration": 15,
    "pid": 9860,
    "index": 64
  },
  {
    "name": "Load \"controller\" to Application",
    "start": 1619099325203,
    "end": 1619099325218,
    "duration": 15,
    "pid": 9860,
    "index": 65
  },
  {
    "name": "Load Router",
    "start": 1619099325218,
    "end": 1619099325231,
    "duration": 13,
    "pid": 9860,
    "index": 66
  },
  {
    "name": "Require(48) app/router.js",
    "start": 1619099325219,
    "end": 1619099325220,
    "duration": 1,
    "pid": 9860,
    "index": 67
  },
  {
    "name": "Before Start in node_modules/egg-core/lib/egg.js:303:10",
    "start": 1619099325226,
    "end": 1619099325270,
    "duration": 44,
    "pid": 9860,
    "index": 68
  }
]