[
  {
    "name": null,
    "methods": [
      "HEAD",
      "GET"
    ],
    "paramNames": [],
    "path": "/admin/index",
    "regexp": "/^\\/admin\\/index(?:\\/(?=$))?$/",
    "stack": [
      "wrappedController"
    ]
  },
  {
    "name": null,
    "methods": [
      "POST"
    ],
    "paramNames": [],
    "path": "/admin/checkLogin",
    "regexp": "/^\\/admin\\/checkLogin(?:\\/(?=$))?$/",
    "stack": [
      "wrappedController"
    ]
  },
  {
    "name": null,
    "methods": [
      "POST"
    ],
    "paramNames": [],
    "path": "/admin/addOrder",
    "regexp": "/^\\/admin\\/addOrder(?:\\/(?=$))?$/",
    "stack": [
      "adminauth",
      "wrappedController"
    ]
  },
  {
    "name": null,
    "methods": [
      "POST"
    ],
    "paramNames": [],
    "path": "/admin/updateOrder",
    "regexp": "/^\\/admin\\/updateOrder(?:\\/(?=$))?$/",
    "stack": [
      "adminauth",
      "wrappedController"
    ]
  },
  {
    "name": null,
    "methods": [
      "HEAD",
      "GET"
    ],
    "paramNames": [],
    "path": "/admin/getOrderList",
    "regexp": "/^\\/admin\\/getOrderList(?:\\/(?=$))?$/",
    "stack": [
      "adminauth",
      "wrappedController"
    ]
  },
  {
    "name": null,
    "methods": [
      "HEAD",
      "GET"
    ],
    "paramNames": [
      {
        "name": "id",
        "prefix": "/",
        "delimiter": "/",
        "optional": false,
        "repeat": false,
        "partial": false,
        "asterisk": false,
        "pattern": "[^\\/]+?"
      }
    ],
    "path": "/admin/delOrder/:id",
    "regexp": "/^\\/admin\\/delOrder\\/((?:[^\\/]+?))(?:\\/(?=$))?$/",
    "stack": [
      "adminauth",
      "wrappedController"
    ]
  },
  {
    "name": null,
    "methods": [
      "HEAD",
      "GET"
    ],
    "paramNames": [
      {
        "name": "id",
        "prefix": "/",
        "delimiter": "/",
        "optional": false,
        "repeat": false,
        "partial": false,
        "asterisk": false,
        "pattern": "[^\\/]+?"
      }
    ],
    "path": "/admin/getOrderById/:id",
    "regexp": "/^\\/admin\\/getOrderById\\/((?:[^\\/]+?))(?:\\/(?=$))?$/",
    "stack": [
      "adminauth",
      "wrappedController"
    ]
  },
  {
    "name": null,
    "methods": [
      "HEAD",
      "GET"
    ],
    "paramNames": [],
    "path": "/admin/getUserList",
    "regexp": "/^\\/admin\\/getUserList(?:\\/(?=$))?$/",
    "stack": [
      "adminauth",
      "wrappedController"
    ]
  },
  {
    "name": null,
    "methods": [
      "HEAD",
      "GET"
    ],
    "paramNames": [
      {
        "name": "sid",
        "prefix": "/",
        "delimiter": "/",
        "optional": false,
        "repeat": false,
        "partial": false,
        "asterisk": false,
        "pattern": "[^\\/]+?"
      }
    ],
    "path": "/admin/getOrderBySid/:sid",
    "regexp": "/^\\/admin\\/getOrderBySid\\/((?:[^\\/]+?))(?:\\/(?=$))?$/",
    "stack": [
      "adminauth",
      "wrappedController"
    ]
  },
  {
    "name": null,
    "methods": [
      "HEAD",
      "GET"
    ],
    "paramNames": [
      {
        "name": "pid",
        "prefix": "/",
        "delimiter": "/",
        "optional": false,
        "repeat": false,
        "partial": false,
        "asterisk": false,
        "pattern": "[^\\/]+?"
      }
    ],
    "path": "/admin/getOrderByPid/:pid",
    "regexp": "/^\\/admin\\/getOrderByPid\\/((?:[^\\/]+?))(?:\\/(?=$))?$/",
    "stack": [
      "adminauth",
      "wrappedController"
    ]
  },
  {
    "name": null,
    "methods": [
      "HEAD",
      "GET"
    ],
    "paramNames": [
      {
        "name": "fid",
        "prefix": "/",
        "delimiter": "/",
        "optional": false,
        "repeat": false,
        "partial": false,
        "asterisk": false,
        "pattern": "[^\\/]+?"
      }
    ],
    "path": "/admin/getOrderByFid/:fid",
    "regexp": "/^\\/admin\\/getOrderByFid\\/((?:[^\\/]+?))(?:\\/(?=$))?$/",
    "stack": [
      "adminauth",
      "wrappedController"
    ]
  }
]